,"2016","2016","2016","2015","2015","2015","2014","2014","2014","2013","2013","2013","2012","2012","2012","2011","2011","2011","2010","2010","2010","2009","2009","2009","2008","2008","2008","2007","2007","2007","2006","2006","2006","2005","2005","2005","2004","2004","2004","2003","2003","2003","2002","2002","2002","2001","2001","2001","2000","2000","2000","1999","1999","1999","1998","1998","1998","1997","1997","1997","1996","1996","1996","1995","1995","1995","1994","1994","1994","1993","1993","1993","1992","1992","1992","1991","1991","1991","1990","1990","1990","1989","1989","1989","1988","1988","1988","1987","1987","1987","1986","1986","1986","1985","1985","1985","1984","1984","1984","1983","1983","1983","1982","1982","1982","1981","1981","1981","1980","1980","1980","1979","1979","1979","1978","1978","1978","1977","1977","1977","1976","1976","1976","1975","1975","1975"
,"Prevalence of overweight among adults, BMI &GreaterEqual; 25 (crude estimate) (%)","Prevalence of overweight among adults, BMI &GreaterEqual; 25 (crude estimate) (%)","Prevalence of overweight among adults, BMI &GreaterEqual; 25 (crude estimate) (%)","Prevalence of overweight among adults, BMI &GreaterEqual; 25 (crude estimate) (%)","Prevalence of overweight among adults, BMI &GreaterEqual; 25 (crude estimate) (%)","Prevalence of overweight among adults, BMI &GreaterEqual; 25 (crude estimate) (%)","Prevalence of overweight among adults, BMI &GreaterEqual; 25 (crude estimate) (%)","Prevalence of overweight among adults, BMI &GreaterEqual; 25 (crude estimate) (%)","Prevalence of overweight among adults, BMI &GreaterEqual; 25 (crude estimate) (%)","Prevalence of overweight among adults, BMI &GreaterEqual; 25 (crude estimate) (%)","Prevalence of overweight among adults, BMI &GreaterEqual; 25 (crude estimate) (%)","Prevalence of overweight among adults, BMI &GreaterEqual; 25 (crude estimate) (%)","Prevalence of overweight among adults, BMI &GreaterEqual; 25 (crude estimate) (%)","Prevalence of overweight among adults, BMI &GreaterEqual; 25 (crude estimate) (%)","Prevalence of overweight among adults, BMI &GreaterEqual; 25 (crude estimate) (%)","Prevalence of overweight among adults, BMI &GreaterEqual; 25 (crude estimate) (%)","Prevalence of overweight among adults, BMI &GreaterEqual; 25 (crude estimate) (%)","Prevalence of overweight among adults, BMI &GreaterEqual; 25 (crude estimate) (%)","Prevalence of overweight among adults, BMI &GreaterEqual; 25 (crude estimate) (%)","Prevalence of overweight among adults, BMI &GreaterEqual; 25 (crude estimate) (%)","Prevalence of overweight among adults, BMI &GreaterEqual; 25 (crude estimate) (%)","Prevalence of overweight among adults, BMI &GreaterEqual; 25 (crude estimate) (%)","Prevalence of overweight among adults, BMI &GreaterEqual; 25 (crude estimate) (%)","Prevalence of overweight among adults, BMI &GreaterEqual; 25 (crude estimate) (%)","Prevalence of overweight among adults, BMI &GreaterEqual; 25 (crude estimate) (%)","Prevalence of overweight among adults, BMI &GreaterEqual; 25 (crude estimate) (%)","Prevalence of overweight among adults, BMI &GreaterEqual; 25 (crude estimate) (%)","Prevalence of overweight among adults, BMI &GreaterEqual; 25 (crude estimate) (%)","Prevalence of overweight among adults, BMI &GreaterEqual; 25 (crude estimate) (%)","Prevalence of overweight among adults, BMI &GreaterEqual; 25 (crude estimate) (%)","Prevalence of overweight among adults, BMI &GreaterEqual; 25 (crude estimate) (%)","Prevalence of overweight among adults, BMI &GreaterEqual; 25 (crude estimate) (%)","Prevalence of overweight among adults, BMI &GreaterEqual; 25 (crude estimate) (%)","Prevalence of overweight among adults, BMI &GreaterEqual; 25 (crude estimate) (%)","Prevalence of overweight among adults, BMI &GreaterEqual; 25 (crude estimate) (%)","Prevalence of overweight among adults, BMI &GreaterEqual; 25 (crude estimate) (%)","Prevalence of overweight among adults, BMI &GreaterEqual; 25 (crude estimate) (%)","Prevalence of overweight among adults, BMI &GreaterEqual; 25 (crude estimate) (%)","Prevalence of overweight among adults, BMI &GreaterEqual; 25 (crude estimate) (%)","Prevalence of overweight among adults, BMI &GreaterEqual; 25 (crude estimate) (%)","Prevalence of overweight among adults, BMI &GreaterEqual; 25 (crude estimate) (%)","Prevalence of overweight among adults, BMI &GreaterEqual; 25 (crude estimate) (%)","Prevalence of overweight among adults, BMI &GreaterEqual; 25 (crude estimate) (%)","Prevalence of overweight among adults, BMI &GreaterEqual; 25 (crude estimate) (%)","Prevalence of overweight among adults, BMI &GreaterEqual; 25 (crude estimate) (%)","Prevalence of overweight among adults, BMI &GreaterEqual; 25 (crude estimate) (%)","Prevalence of overweight among adults, BMI &GreaterEqual; 25 (crude estimate) (%)","Prevalence of overweight among adults, BMI &GreaterEqual; 25 (crude estimate) (%)","Prevalence of overweight among adults, BMI &GreaterEqual; 25 (crude estimate) (%)","Prevalence of overweight among adults, BMI &GreaterEqual; 25 (crude estimate) (%)","Prevalence of overweight among adults, BMI &GreaterEqual; 25 (crude estimate) (%)","Prevalence of overweight among adults, BMI &GreaterEqual; 25 (crude estimate) (%)","Prevalence of overweight among adults, BMI &GreaterEqual; 25 (crude estimate) (%)","Prevalence of overweight among adults, BMI &GreaterEqual; 25 (crude estimate) (%)","Prevalence of overweight among adults, BMI &GreaterEqual; 25 (crude estimate) (%)","Prevalence of overweight among adults, BMI &GreaterEqual; 25 (crude estimate) (%)","Prevalence of overweight among adults, BMI &GreaterEqual; 25 (crude estimate) (%)","Prevalence of overweight among adults, BMI &GreaterEqual; 25 (crude estimate) (%)","Prevalence of overweight among adults, BMI &GreaterEqual; 25 (crude estimate) (%)","Prevalence of overweight among adults, BMI &GreaterEqual; 25 (crude estimate) (%)","Prevalence of overweight among adults, BMI &GreaterEqual; 25 (crude estimate) (%)","Prevalence of overweight among adults, BMI &GreaterEqual; 25 (crude estimate) (%)","Prevalence of overweight among adults, BMI &GreaterEqual; 25 (crude estimate) (%)","Prevalence of overweight among adults, BMI &GreaterEqual; 25 (crude estimate) (%)","Prevalence of overweight among adults, BMI &GreaterEqual; 25 (crude estimate) (%)","Prevalence of overweight among adults, BMI &GreaterEqual; 25 (crude estimate) (%)","Prevalence of overweight among adults, BMI &GreaterEqual; 25 (crude estimate) (%)","Prevalence of overweight among adults, BMI &GreaterEqual; 25 (crude estimate) (%)","Prevalence of overweight among adults, BMI &GreaterEqual; 25 (crude estimate) (%)","Prevalence of overweight among adults, BMI &GreaterEqual; 25 (crude estimate) (%)","Prevalence of overweight among adults, BMI &GreaterEqual; 25 (crude estimate) (%)","Prevalence of overweight among adults, BMI &GreaterEqual; 25 (crude estimate) (%)","Prevalence of overweight among adults, BMI &GreaterEqual; 25 (crude estimate) (%)","Prevalence of overweight among adults, BMI &GreaterEqual; 25 (crude estimate) (%)","Prevalence of overweight among adults, BMI &GreaterEqual; 25 (crude estimate) (%)","Prevalence of overweight among adults, BMI &GreaterEqual; 25 (crude estimate) (%)","Prevalence of overweight among adults, BMI &GreaterEqual; 25 (crude estimate) (%)","Prevalence of overweight among adults, BMI &GreaterEqual; 25 (crude estimate) (%)","Prevalence of overweight among adults, BMI &GreaterEqual; 25 (crude estimate) (%)","Prevalence of overweight among adults, BMI &GreaterEqual; 25 (crude estimate) (%)","Prevalence of overweight among adults, BMI &GreaterEqual; 25 (crude estimate) (%)","Prevalence of overweight among adults, BMI &GreaterEqual; 25 (crude estimate) (%)","Prevalence of overweight among adults, BMI &GreaterEqual; 25 (crude estimate) (%)","Prevalence of overweight among adults, BMI &GreaterEqual; 25 (crude estimate) (%)","Prevalence of overweight among adults, BMI &GreaterEqual; 25 (crude estimate) (%)","Prevalence of overweight among adults, BMI &GreaterEqual; 25 (crude estimate) (%)","Prevalence of overweight among adults, BMI &GreaterEqual; 25 (crude estimate) (%)","Prevalence of overweight among adults, BMI &GreaterEqual; 25 (crude estimate) (%)","Prevalence of overweight among adults, BMI &GreaterEqual; 25 (crude estimate) (%)","Prevalence of overweight among adults, BMI &GreaterEqual; 25 (crude estimate) (%)","Prevalence of overweight among adults, BMI &GreaterEqual; 25 (crude estimate) (%)","Prevalence of overweight among adults, BMI &GreaterEqual; 25 (crude estimate) (%)","Prevalence of overweight among adults, BMI &GreaterEqual; 25 (crude estimate) (%)","Prevalence of overweight among adults, BMI &GreaterEqual; 25 (crude estimate) (%)","Prevalence of overweight among adults, BMI &GreaterEqual; 25 (crude estimate) (%)","Prevalence of overweight among adults, BMI &GreaterEqual; 25 (crude estimate) (%)","Prevalence of overweight among adults, BMI &GreaterEqual; 25 (crude estimate) (%)","Prevalence of overweight among adults, BMI &GreaterEqual; 25 (crude estimate) (%)","Prevalence of overweight among adults, BMI &GreaterEqual; 25 (crude estimate) (%)","Prevalence of overweight among adults, BMI &GreaterEqual; 25 (crude estimate) (%)","Prevalence of overweight among adults, BMI &GreaterEqual; 25 (crude estimate) (%)","Prevalence of overweight among adults, BMI &GreaterEqual; 25 (crude estimate) (%)","Prevalence of overweight among adults, BMI &GreaterEqual; 25 (crude estimate) (%)","Prevalence of overweight among adults, BMI &GreaterEqual; 25 (crude estimate) (%)","Prevalence of overweight among adults, BMI &GreaterEqual; 25 (crude estimate) (%)","Prevalence of overweight among adults, BMI &GreaterEqual; 25 (crude estimate) (%)","Prevalence of overweight among adults, BMI &GreaterEqual; 25 (crude estimate) (%)","Prevalence of overweight among adults, BMI &GreaterEqual; 25 (crude estimate) (%)","Prevalence of overweight among adults, BMI &GreaterEqual; 25 (crude estimate) (%)","Prevalence of overweight among adults, BMI &GreaterEqual; 25 (crude estimate) (%)","Prevalence of overweight among adults, BMI &GreaterEqual; 25 (crude estimate) (%)","Prevalence of overweight among adults, BMI &GreaterEqual; 25 (crude estimate) (%)","Prevalence of overweight among adults, BMI &GreaterEqual; 25 (crude estimate) (%)","Prevalence of overweight among adults, BMI &GreaterEqual; 25 (crude estimate) (%)","Prevalence of overweight among adults, BMI &GreaterEqual; 25 (crude estimate) (%)","Prevalence of overweight among adults, BMI &GreaterEqual; 25 (crude estimate) (%)","Prevalence of overweight among adults, BMI &GreaterEqual; 25 (crude estimate) (%)","Prevalence of overweight among adults, BMI &GreaterEqual; 25 (crude estimate) (%)","Prevalence of overweight among adults, BMI &GreaterEqual; 25 (crude estimate) (%)","Prevalence of overweight among adults, BMI &GreaterEqual; 25 (crude estimate) (%)","Prevalence of overweight among adults, BMI &GreaterEqual; 25 (crude estimate) (%)","Prevalence of overweight among adults, BMI &GreaterEqual; 25 (crude estimate) (%)","Prevalence of overweight among adults, BMI &GreaterEqual; 25 (crude estimate) (%)","Prevalence of overweight among adults, BMI &GreaterEqual; 25 (crude estimate) (%)","Prevalence of overweight among adults, BMI &GreaterEqual; 25 (crude estimate) (%)","Prevalence of overweight among adults, BMI &GreaterEqual; 25 (crude estimate) (%)"
,"18+  years","18+  years","18+  years","18+  years","18+  years","18+  years","18+  years","18+  years","18+  years","18+  years","18+  years","18+  years","18+  years","18+  years","18+  years","18+  years","18+  years","18+  years","18+  years","18+  years","18+  years","18+  years","18+  years","18+  years","18+  years","18+  years","18+  years","18+  years","18+  years","18+  years","18+  years","18+  years","18+  years","18+  years","18+  years","18+  years","18+  years","18+  years","18+  years","18+  years","18+  years","18+  years","18+  years","18+  years","18+  years","18+  years","18+  years","18+  years","18+  years","18+  years","18+  years","18+  years","18+  years","18+  years","18+  years","18+  years","18+  years","18+  years","18+  years","18+  years","18+  years","18+  years","18+  years","18+  years","18+  years","18+  years","18+  years","18+  years","18+  years","18+  years","18+  years","18+  years","18+  years","18+  years","18+  years","18+  years","18+  years","18+  years","18+  years","18+  years","18+  years","18+  years","18+  years","18+  years","18+  years","18+  years","18+  years","18+  years","18+  years","18+  years","18+  years","18+  years","18+  years","18+  years","18+  years","18+  years","18+  years","18+  years","18+  years","18+  years","18+  years","18+  years","18+  years","18+  years","18+  years","18+  years","18+  years","18+  years","18+  years","18+  years","18+  years","18+  years","18+  years","18+  years","18+  years","18+  years","18+  years","18+  years","18+  years","18+  years","18+  years","18+  years","18+  years","18+  years","18+  years","18+  years"
"WHO region","Both sexes","Male","Female","Both sexes","Male","Female","Both sexes","Male","Female","Both sexes","Male","Female","Both sexes","Male","Female","Both sexes","Male","Female","Both sexes","Male","Female","Both sexes","Male","Female","Both sexes","Male","Female","Both sexes","Male","Female","Both sexes","Male","Female","Both sexes","Male","Female","Both sexes","Male","Female","Both sexes","Male","Female","Both sexes","Male","Female","Both sexes","Male","Female","Both sexes","Male","Female","Both sexes","Male","Female","Both sexes","Male","Female","Both sexes","Male","Female","Both sexes","Male","Female","Both sexes","Male","Female","Both sexes","Male","Female","Both sexes","Male","Female","Both sexes","Male","Female","Both sexes","Male","Female","Both sexes","Male","Female","Both sexes","Male","Female","Both sexes","Male","Female","Both sexes","Male","Female","Both sexes","Male","Female","Both sexes","Male","Female","Both sexes","Male","Female","Both sexes","Male","Female","Both sexes","Male","Female","Both sexes","Male","Female","Both sexes","Male","Female","Both sexes","Male","Female","Both sexes","Male","Female","Both sexes","Male","Female","Both sexes","Male","Female","Both sexes","Male","Female"
"Africa","27.7 [25.9-29.5]","20.4 [17.9-23.1]","34.8 [32.2-37.5]","27.1 [25.5-28.9]","20.0 [17.6-22.4]","34.1 [31.8-36.6]","26.6 [25.0-28.2]","19.5 [17.3-21.8]","33.5 [31.3-35.8]","26.0 [24.6-27.5]","19.1 [17.0-21.1]","32.9 [30.8-35.0]","25.5 [24.2-26.9]","18.6 [16.7-20.6]","32.2 [30.3-34.2]","25.0 [23.7-26.3]","18.2 [16.4-20.0]","31.6 [29.8-33.5]","24.5 [23.3-25.7]","17.8 [16.1-19.5]","31.0 [29.3-32.7]","24.0 [22.8-25.1]","17.4 [15.8-19.0]","30.4 [28.7-32.0]","23.4 [22.3-24.6]","17.0 [15.4-18.6]","29.8 [28.2-31.4]","22.9 [21.9-24.0]","16.6 [15.1-18.2]","29.1 [27.6-30.7]","22.4 [21.4-23.5]","16.2 [14.7-17.7]","28.5 [27.0-30.1]","22.0 [20.9-23.0]","15.8 [14.3-17.4]","28.0 [26.4-29.5]","21.5 [20.4-22.6]","15.5 [14.0-17.0]","27.4 [25.9-28.9]","21.0 [20.0-22.1]","15.1 [13.6-16.7]","26.8 [25.3-28.3]","20.6 [19.5-21.7]","14.7 [13.2-16.3]","26.3 [24.7-27.8]","20.1 [19.0-21.2]","14.4 [12.8-16.0]","25.7 [24.1-27.3]","19.7 [18.6-20.8]","14.1 [12.5-15.7]","25.2 [23.5-26.8]","19.3 [18.1-20.4]","13.7 [12.1-15.4]","24.6 [23.0-26.3]","18.8 [17.6-20.0]","13.4 [11.7-15.2]","24.1 [22.4-25.8]","18.4 [17.2-19.6]","13.1 [11.4-14.9]","23.5 [21.8-25.3]","17.9 [16.7-19.2]","12.8 [11.0-14.7]","23.0 [21.2-24.8]","17.5 [16.2-18.8]","12.4 [10.7-14.4]","22.4 [20.6-24.3]","17.1 [15.7-18.5]","12.1 [10.3-14.2]","21.9 [20.0-23.8]","16.7 [15.3-18.1]","11.8 [9.9-14.0]","21.4 [19.4-23.4]","16.2 [14.8-17.7]","11.5 [9.6-13.7]","20.8 [18.8-22.9]","15.8 [14.3-17.4]","11.2 [9.2-13.5]","20.3 [18.2-22.5]","15.4 [13.9-17.0]","10.9 [8.9-13.3]","19.8 [17.6-22.1]","15.0 [13.4-16.7]","10.6 [8.5-13.1]","19.3 [17.1-21.7]","14.6 [13.0-16.4]","10.3 [8.2-12.9]","18.8 [16.5-21.3]","14.2 [12.5-16.1]","10.0 [7.8-12.7]","18.3 [15.9-20.9]","13.9 [12.1-15.8]","9.7 [7.5-12.6]","17.9 [15.4-20.6]","13.5 [11.7-15.5]","9.5 [7.2-12.4]","17.4 [14.8-20.2]","13.1 [11.3-15.2]","9.2 [6.9-12.2]","16.9 [14.3-19.9]","12.8 [10.9-14.9]","9.0 [6.6-12.1]","16.5 [13.8-19.5]","12.4 [10.5-14.6]","8.7 [6.3-12.0]","16.0 [13.3-19.2]","12.1 [10.1-14.3]","8.5 [6.0-11.8]","15.6 [12.7-18.9]","11.8 [9.7-14.1]","8.3 [5.7-11.8]","15.2 [12.2-18.7]","11.5 [9.3-13.9]","8.0 [5.5-11.7]","14.8 [11.8-18.4]","11.2 [9.0-13.6]","7.8 [5.2-11.6]","14.4 [11.3-18.1]","10.9 [8.7-13.4]","7.6 [5.0-11.5]","14.0 [10.9-17.8]","10.6 [8.3-13.2]","7.4 [4.7-11.4]","13.7 [10.4-17.5]","10.3 [8.0-13.0]","7.3 [4.5-11.3]","13.3 [10.0-17.3]"
"Americas","63.4 [61.3-65.3]","64.6 [61.8-67.5]","62.1 [59.3-64.9]","62.7 [60.8-64.6]","64.0 [61.3-66.6]","61.5 [58.9-64.2]","62.1 [60.3-63.9]","63.3 [60.8-65.8]","60.9 [58.4-63.5]","61.5 [59.8-63.1]","62.6 [60.3-65.0]","60.3 [58.0-62.7]","60.8 [59.2-62.4]","62.0 [59.7-64.2]","59.7 [57.5-62.0]","60.2 [58.7-61.7]","61.3 [59.2-63.4]","59.1 [57.0-61.2]","59.5 [58.1-61.0]","60.6 [58.6-62.6]","58.5 [56.4-60.5]","58.9 [57.5-60.3]","59.9 [58.0-61.9]","57.9 [55.9-59.8]","58.2 [56.8-59.5]","59.2 [57.3-61.1]","57.2 [55.3-59.1]","57.5 [56.2-58.8]","58.5 [56.6-60.3]","56.6 [54.7-58.4]","56.8 [55.5-58.1]","57.8 [55.9-59.6]","55.9 [54.1-57.7]","56.1 [54.8-57.4]","57.0 [55.2-58.9]","55.3 [53.5-57.1]","55.4 [54.1-56.7]","56.3 [54.4-58.2]","54.6 [52.8-56.4]","54.7 [53.4-56.0]","55.6 [53.7-57.5]","53.9 [52.1-55.7]","54.0 [52.7-55.3]","54.8 [52.9-56.8]","53.3 [51.4-55.1]","53.3 [51.9-54.7]","54.1 [52.0-56.1]","52.6 [50.7-54.5]","52.5 [51.1-54.0]","53.3 [51.2-55.4]","51.9 [50.0-53.8]","51.8 [50.3-53.2]","52.5 [50.4-54.7]","51.1 [49.2-53.1]","51.0 [49.5-52.5]","51.7 [49.5-54.0]","50.4 [48.4-52.4]","50.2 [48.7-51.8]","50.9 [48.6-53.2]","49.7 [47.6-51.7]","49.5 [47.9-51.1]","50.1 [47.7-52.5]","48.9 [46.8-51.0]","48.7 [47.1-50.3]","49.2 [46.8-51.7]","48.2 [46.0-50.4]","47.9 [46.2-49.6]","48.4 [45.9-51.0]","47.4 [45.1-49.7]","47.1 [45.4-48.9]","47.6 [45.0-50.3]","46.7 [44.3-49.1]","46.4 [44.6-48.2]","46.8 [44.2-49.6]","45.9 [43.5-48.4]","45.6 [43.8-47.5]","46.0 [43.3-48.9]","45.2 [42.7-47.7]","44.8 [42.9-46.8]","45.2 [42.4-48.2]","44.5 [41.8-47.1]","44.1 [42.1-46.1]","44.4 [41.5-47.5]","43.7 [41.0-46.5]","43.3 [41.3-45.4]","43.7 [40.7-46.8]","43.0 [40.2-45.8]","42.6 [40.5-44.7]","42.9 [39.8-46.1]","42.3 [39.4-45.2]","41.9 [39.7-44.1]","42.1 [38.9-45.4]","41.6 [38.6-44.6]","41.1 [38.9-43.4]","41.4 [38.1-44.8]","40.9 [37.8-44.0]","40.4 [38.1-42.8]","40.7 [37.2-44.2]","40.2 [37.0-43.5]","39.8 [37.3-42.2]","40.0 [36.4-43.6]","39.6 [36.3-43.0]","39.1 [36.6-41.6]","39.3 [35.6-43.1]","39.0 [35.5-42.4]","38.5 [35.9-41.1]","38.6 [34.8-42.5]","38.3 [34.7-41.9]","37.9 [35.1-40.6]","38.0 [34.0-42.0]","37.7 [34.0-41.5]","37.3 [34.4-40.1]","37.4 [33.3-41.5]","37.2 [33.2-41.1]","36.7 [33.7-39.7]","36.8 [32.6-41.1]","36.6 [32.5-40.7]","36.1 [33.1-39.2]","36.2 [31.8-40.8]","36.0 [31.9-40.3]","35.6 [32.4-38.9]","35.7 [31.0-40.5]","35.5 [31.1-39.9]","35.0 [31.7-38.4]","35.1 [30.3-40.2]","34.9 [30.4-39.6]"
"South-East Asia","21.5 [19.4-23.9]","19.4 [16.4-22.9]","23.7 [20.7-27.0]","20.9 [18.9-23.0]","18.8 [16.0-22.0]","23.0 [20.2-26.0]","20.2 [18.4-22.2]","18.1 [15.5-21.0]","22.3 [19.8-25.1]","19.6 [17.8-21.4]","17.5 [15.1-20.2]","21.7 [19.3-24.2]","18.9 [17.3-20.6]","16.9 [14.7-19.3]","21.0 [18.9-23.3]","18.3 [16.8-19.9]","16.3 [14.2-18.5]","20.4 [18.4-22.6]","17.7 [16.3-19.2]","15.7 [13.8-17.8]","19.8 [17.9-21.8]","17.1 [15.8-18.5]","15.1 [13.3-17.0]","19.2 [17.4-21.1]","16.6 [15.3-17.8]","14.5 [12.9-16.3]","18.6 [16.9-20.4]","16.0 [14.8-17.2]","14.0 [12.4-15.7]","18.0 [16.4-19.8]","15.5 [14.3-16.6]","13.5 [12.0-15.1]","17.5 [15.9-19.1]","14.9 [13.8-16.0]","13.0 [11.5-14.5]","16.9 [15.4-18.5]","14.4 [13.3-15.5]","12.5 [11.1-14.0]","16.4 [14.9-18.0]","13.9 [12.9-15.0]","12.0 [10.6-13.5]","15.9 [14.4-17.5]","13.5 [12.4-14.5]","11.6 [10.2-13.1]","15.4 [13.9-17.0]","13.0 [12.0-14.0]","11.2 [9.8-12.7]","14.9 [13.5-16.5]","12.6 [11.5-13.6]","10.7 [9.3-12.3]","14.5 [13.0-16.0]","12.1 [11.1-13.2]","10.3 [8.9-11.9]","14.0 [12.5-15.6]","11.7 [10.7-12.8]","10.0 [8.5-11.5]","13.6 [12.1-15.2]","11.3 [10.3-12.4]","9.6 [8.2-11.2]","13.1 [11.6-14.8]","10.9 [9.9-12.0]","9.2 [7.8-10.8]","12.7 [11.2-14.4]","10.6 [9.5-11.7]","8.9 [7.5-10.5]","12.3 [10.8-14.0]","10.2 [9.1-11.3]","8.6 [7.1-10.2]","11.9 [10.3-13.6]","9.9 [8.8-11.0]","8.3 [6.8-9.9]","11.5 [9.9-13.3]","9.5 [8.4-10.7]","8.0 [6.5-9.6]","11.2 [9.6-12.9]","9.2 [8.1-10.4]","7.7 [6.2-9.4]","10.8 [9.2-12.6]","8.9 [7.8-10.1]","7.4 [5.9-9.1]","10.5 [8.8-12.3]","8.6 [7.4-9.8]","7.2 [5.6-8.9]","10.1 [8.4-12.0]","8.3 [7.1-9.6]","6.9 [5.3-8.7]","9.8 [8.1-11.7]","8.0 [6.8-9.3]","6.7 [5.0-8.4]","9.5 [7.7-11.4]","7.8 [6.5-9.1]","6.4 [4.8-8.2]","9.2 [7.4-11.1]","7.5 [6.2-8.8]","6.2 [4.6-8.0]","8.9 [7.1-10.8]","7.3 [6.0-8.6]","6.0 [4.3-7.9]","8.6 [6.7-10.6]","7.0 [5.7-8.4]","5.8 [4.1-7.7]","8.3 [6.4-10.4]","6.8 [5.4-8.2]","5.6 [3.8-7.6]","8.0 [6.1-10.2]","6.6 [5.2-8.0]","5.4 [3.6-7.4]","7.8 [5.8-10.0]","6.3 [5.0-7.9]","5.2 [3.5-7.3]","7.5 [5.5-9.8]","6.1 [4.7-7.7]","5.0 [3.3-7.2]","7.3 [5.3-9.6]","5.9 [4.5-7.5]","4.9 [3.1-7.1]","7.0 [5.0-9.5]","5.7 [4.3-7.4]","4.7 [2.9-7.0]","6.8 [4.8-9.3]","5.6 [4.1-7.2]","4.6 [2.7-6.9]","6.6 [4.5-9.2]","5.4 [4.0-7.1]","4.4 [2.6-6.8]","6.4 [4.3-9.0]"
"Europe","62.3 [60.4-64.1]","66.0 [63.5-68.5]","58.8 [56.2-61.4]","61.7 [59.9-63.4]","65.3 [63.0-67.7]","58.3 [55.8-60.7]","61.1 [59.4-62.7]","64.7 [62.4-66.9]","57.8 [55.5-60.1]","60.5 [58.9-62.0]","64.0 [61.9-66.1]","57.3 [55.1-59.5]","59.9 [58.4-61.3]","63.3 [61.3-65.3]","56.8 [54.7-58.8]","59.3 [57.9-60.7]","62.6 [60.7-64.5]","56.3 [54.3-58.2]","58.7 [57.4-60.0]","61.9 [60.1-63.7]","55.8 [54.0-57.6]","58.2 [56.9-59.4]","61.3 [59.5-63.0]","55.3 [53.6-57.1]","57.6 [56.4-58.8]","60.6 [59.0-62.3]","54.9 [53.2-56.6]","57.1 [55.9-58.2]","60.0 [58.4-61.6]","54.4 [52.8-56.1]","56.5 [55.4-57.6]","59.3 [57.8-60.9]","54.0 [52.4-55.6]","56.0 [54.9-57.1]","58.7 [57.2-60.2]","53.6 [52.1-55.1]","55.5 [54.4-56.6]","58.1 [56.5-59.6]","53.2 [51.7-54.7]","55.0 [53.9-56.1]","57.5 [55.9-59.0]","52.8 [51.3-54.3]","54.5 [53.4-55.6]","56.8 [55.3-58.4]","52.4 [50.9-53.9]","54.0 [52.9-55.1]","56.2 [54.6-57.8]","52.0 [50.5-53.5]","53.5 [52.4-54.6]","55.6 [54.0-57.2]","51.6 [50.1-53.1]","53.0 [51.9-54.1]","55.0 [53.3-56.6]","51.2 [49.7-52.8]","52.5 [51.3-53.6]","54.3 [52.6-56.0]","50.9 [49.3-52.4]","52.0 [50.8-53.2]","53.7 [51.9-55.5]","50.5 [48.8-52.1]","51.5 [50.2-52.7]","53.0 [51.2-54.9]","50.0 [48.3-51.7]","50.9 [49.6-52.2]","52.4 [50.5-54.3]","49.6 [47.9-51.4]","50.4 [49.1-51.7]","51.7 [49.7-53.8]","49.2 [47.4-51.1]","49.9 [48.4-51.3]","51.0 [49.0-53.2]","48.8 [46.9-50.7]","49.3 [47.9-50.8]","50.3 [48.2-52.5]","48.4 [46.4-50.4]","48.8 [47.3-50.3]","49.7 [47.5-51.9]","48.0 [45.9-50.1]","48.2 [46.6-49.8]","49.0 [46.7-51.4]","47.6 [45.4-49.8]","47.7 [46.0-49.4]","48.3 [45.9-50.8]","47.1 [44.8-49.4]","47.1 [45.3-48.9]","47.6 [45.1-50.1]","46.7 [44.3-49.1]","46.5 [44.7-48.4]","46.9 [44.2-49.6]","46.2 [43.8-48.8]","46.0 [44.0-47.9]","46.2 [43.4-49.0]","45.8 [43.2-48.4]","45.4 [43.4-47.5]","45.5 [42.6-48.4]","45.4 [42.6-48.1]","44.9 [42.7-47.0]","44.8 [41.8-47.9]","44.9 [42.0-47.9]","44.3 [42.1-46.6]","44.1 [41.0-47.4]","44.5 [41.4-47.6]","43.8 [41.5-46.1]","43.5 [40.2-46.9]","44.0 [40.8-47.3]","43.2 [40.8-45.7]","42.8 [39.4-46.4]","43.6 [40.3-47.0]","42.7 [40.2-45.3]","42.1 [38.5-45.9]","43.2 [39.7-46.8]","42.1 [39.5-44.9]","41.5 [37.8-45.5]","42.7 [39.1-46.5]","41.6 [38.9-44.5]","40.9 [36.9-45.1]","42.3 [38.4-46.3]","41.1 [38.2-44.1]","40.2 [36.1-44.7]","41.8 [37.8-46.0]","40.6 [37.6-43.7]","39.6 [35.3-44.3]","41.4 [37.2-45.8]","40.0 [36.9-43.3]","39.0 [34.5-43.9]","40.9 [36.5-45.6]"
"Eastern Mediterranean","46.5 [44.4-48.7]","43.3 [40.2-46.5]","49.8 [46.9-52.8]","45.7 [43.7-47.8]","42.5 [39.6-45.5]","49.0 [46.3-51.9]","44.7 [42.8-46.6]","41.7 [39.0-44.6]","48.3 [45.7-50.9]","43.9 [42.2-45.8]","40.9 [38.3-43.6]","47.5 [45.1-50.0]","43.3 [41.6-45.0]","40.1 [37.7-42.6]","46.7 [44.4-49.1]","42.5 [40.9-44.1]","39.3 [37.0-41.7]","46.0 [43.8-48.3]","41.8 [40.3-43.3]","38.5 [36.3-40.8]","45.2 [43.2-47.5]","40.9 [39.5-42.4]","37.7 [35.7-40.0]","44.5 [42.5-46.6]","40.3 [38.9-41.7]","37.0 [35.0-39.1]","43.8 [41.9-45.9]","39.6 [38.2-41.0]","36.2 [34.3-38.3]","43.1 [41.2-45.1]","38.7 [37.4-40.1]","35.5 [33.6-37.5]","42.4 [40.5-44.4]","38.1 [36.7-39.5]","34.8 [32.9-36.7]","41.7 [39.9-43.7]","37.5 [36.2-38.9]","34.0 [32.2-36.0]","41.1 [39.3-43.1]","36.7 [35.4-38.1]","33.3 [31.4-35.3]","40.5 [38.7-42.5]","36.1 [34.7-37.4]","32.6 [30.7-34.5]","40.0 [38.1-41.9]","35.6 [34.3-37.0]","31.9 [30.0-33.9]","39.4 [37.5-41.4]","35.1 [33.7-36.5]","31.3 [29.3-33.3]","38.8 [36.9-40.9]","34.6 [33.1-36.0]","30.7 [28.7-32.8]","38.3 [36.3-40.4]","33.8 [32.4-35.3]","30.2 [28.1-32.3]","37.7 [35.7-39.8]","33.2 [31.7-34.7]","29.7 [27.6-31.9]","37.2 [35.0-39.4]","32.8 [31.3-34.4]","29.3 [27.1-31.5]","36.6 [34.4-38.9]","32.2 [30.6-33.8]","28.8 [26.5-31.1]","36.1 [33.8-38.4]","31.7 [30.1-33.4]","28.2 [25.9-30.7]","35.5 [33.2-37.9]","31.2 [29.5-32.9]","27.7 [25.3-30.2]","35.0 [32.5-37.5]","30.7 [29.0-32.5]","27.1 [24.7-29.7]","34.5 [31.9-37.1]","30.1 [28.3-32.0]","26.5 [24.0-29.2]","33.9 [31.3-36.6]","29.6 [27.7-31.6]","26.0 [23.4-28.7]","33.4 [30.6-36.2]","28.9 [26.9-30.9]","25.4 [22.7-28.2]","32.8 [29.9-35.8]","28.4 [26.4-30.5]","24.8 [22.0-27.7]","32.3 [29.2-35.3]","27.8 [25.7-30.0]","24.3 [21.4-27.2]","31.7 [28.5-34.9]","27.3 [25.0-29.5]","23.7 [20.7-26.8]","31.1 [27.7-34.5]","26.7 [24.4-29.1]","23.1 [20.0-26.4]","30.5 [27.0-34.0]","26.1 [23.7-28.6]","22.5 [19.4-25.9]","29.9 [26.3-33.6]","25.4 [23.0-28.0]","22.0 [18.7-25.5]","29.3 [25.5-33.2]","24.9 [22.3-27.6]","21.4 [18.0-25.1]","28.7 [24.8-32.8]","24.3 [21.6-27.1]","20.9 [17.4-24.7]","28.2 [24.0-32.4]","23.9 [21.1-26.8]","20.3 [16.7-24.3]","27.6 [23.3-32.0]","23.4 [20.4-26.4]","19.8 [16.1-24.0]","27.1 [22.6-31.7]","22.9 [19.8-26.1]","19.4 [15.5-23.7]","26.6 [21.9-31.5]","22.4 [19.2-25.8]","18.9 [14.9-23.4]","26.1 [21.3-31.2]","22.0 [18.6-25.5]","18.5 [14.3-23.2]","25.6 [20.6-31.0]","21.4 [18.0-25.1]","18.0 [13.7-22.9]","25.1 [19.9-30.8]"
"Western Pacific","33.0 [30.0-36.1]","34.8 [30.3-39.6]","31.1 [27.3-35.1]","32.1 [29.4-34.9]","33.8 [29.6-38.1]","30.4 [26.8-34.1]","31.2 [28.7-33.8]","32.8 [28.9-36.8]","29.7 [26.4-33.1]","30.4 [28.0-32.8]","31.7 [28.2-35.4]","28.9 [25.9-32.1]","29.5 [27.4-31.7]","30.7 [27.5-34.1]","28.2 [25.4-31.2]","28.7 [26.7-30.7]","29.8 [26.8-32.8]","27.5 [24.8-30.2]","27.9 [26.0-29.8]","28.8 [26.1-31.7]","26.9 [24.4-29.4]","27.1 [25.3-28.8]","27.9 [25.4-30.6]","26.2 [23.9-28.6]","26.3 [24.7-28.0]","27.1 [24.6-29.5]","25.6 [23.4-27.8]","25.6 [24.0-27.1]","26.2 [23.9-28.6]","24.9 [22.9-27.1]","24.9 [23.4-26.4]","25.4 [23.2-27.6]","24.3 [22.4-26.5]","24.2 [22.7-25.6]","24.6 [22.4-26.8]","23.7 [21.8-25.8]","23.5 [22.1-24.9]","23.8 [21.7-25.9]","23.1 [21.3-25.2]","22.8 [21.4-24.2]","23.0 [20.9-25.1]","22.6 [20.7-24.5]","22.1 [20.8-23.5]","22.3 [20.3-24.3]","22.0 [20.2-23.9]","21.5 [20.2-22.8]","21.6 [19.6-23.6]","21.4 [19.6-23.3]","20.9 [19.6-22.1]","20.9 [18.9-22.9]","20.9 [19.1-22.7]","20.2 [18.9-21.5]","20.2 [18.2-22.1]","20.3 [18.5-22.2]","19.6 [18.3-20.9]","19.4 [17.5-21.4]","19.7 [18.0-21.6]","19.0 [17.7-20.2]","18.7 [16.8-20.7]","19.2 [17.4-21.0]","18.4 [17.1-19.6]","18.1 [16.2-20.0]","18.7 [16.9-20.4]","17.8 [16.5-19.1]","17.4 [15.5-19.3]","18.1 [16.4-19.9]","17.2 [15.9-18.5]","16.8 [14.9-18.7]","17.6 [15.9-19.4]","16.7 [15.4-17.9]","16.2 [14.3-18.1]","17.1 [15.4-18.9]","16.1 [14.9-17.4]","15.6 [13.8-17.5]","16.7 [15.0-18.5]","15.6 [14.4-16.9]","15.1 [13.2-17.0]","16.2 [14.5-18.1]","15.2 [13.9-16.5]","14.6 [12.7-16.5]","15.8 [14.0-17.7]","14.7 [13.4-16.1]","14.1 [12.2-16.0]","15.4 [13.6-17.3]","14.3 [13.0-15.7]","13.7 [11.8-15.7]","15.0 [13.2-17.0]","13.9 [12.6-15.3]","13.2 [11.3-15.3]","14.6 [12.8-16.7]","13.5 [12.1-15.0]","12.8 [10.9-15.0]","14.3 [12.3-16.4]","13.2 [11.7-14.7]","12.5 [10.4-14.7]","13.9 [12.0-16.1]","12.8 [11.3-14.4]","12.1 [10.0-14.4]","13.6 [11.5-15.8]","12.5 [10.9-14.2]","11.8 [9.6-14.2]","13.3 [11.2-15.6]","12.2 [10.6-13.9]","11.4 [9.2-14.0]","13.0 [10.8-15.4]","11.9 [10.2-13.7]","11.1 [8.8-13.8]","12.7 [10.4-15.2]","11.6 [9.9-13.5]","10.8 [8.4-13.6]","12.4 [10.0-15.0]","11.3 [9.5-13.3]","10.5 [8.1-13.5]","12.1 [9.7-14.9]","11.0 [9.2-13.1]","10.3 [7.7-13.3]","11.8 [9.3-14.7]","10.8 [8.9-13.0]","10.0 [7.3-13.2]","11.5 [9.0-14.6]","10.5 [8.5-12.8]","9.8 [7.0-13.2]","11.3 [8.6-14.5]","10.3 [8.2-12.7]","9.5 [6.7-13.1]","11.1 [8.3-14.4]"
"(WHO) Global","39.1 [37.7-40.5]","38.5 [36.5-40.6]","39.7 [37.8-41.6]","38.4 [37.1-39.8]","37.8 [35.9-39.7]","39.0 [37.3-40.8]","37.7 [36.6-39.0]","37.1 [35.4-38.9]","38.4 [36.8-40.1]","37.1 [36.0-38.2]","36.4 [34.8-38.1]","37.8 [36.3-39.3]","36.5 [35.4-37.5]","35.7 [34.2-37.3]","37.2 [35.8-38.6]","35.8 [34.9-36.8]","35.1 [33.7-36.5]","36.6 [35.3-37.9]","35.2 [34.3-36.1]","34.4 [33.1-35.7]","36.0 [34.8-37.3]","34.6 [33.8-35.5]","33.8 [32.5-35.0]","35.4 [34.3-36.6]","34.0 [33.2-34.8]","33.2 [32.0-34.3]","34.9 [33.8-36.0]","33.4 [32.7-34.2]","32.5 [31.4-33.7]","34.3 [33.3-35.4]","32.9 [32.1-33.6]","31.9 [30.8-33.0]","33.8 [32.9-34.8]","32.3 [31.6-33.0]","31.4 [30.3-32.4]","33.3 [32.4-34.3]","31.8 [31.1-32.5]","30.8 [29.7-31.8]","32.8 [31.9-33.7]","31.2 [30.5-31.9]","30.2 [29.1-31.3]","32.3 [31.3-33.2]","30.7 [30.0-31.4]","29.7 [28.6-30.7]","31.8 [30.9-32.8]","30.2 [29.5-30.9]","29.1 [28.0-30.2]","31.3 [30.4-32.3]","29.7 [29.0-30.5]","28.6 [27.5-29.7]","30.8 [29.9-31.8]","29.2 [28.5-30.0]","28.1 [27.0-29.2]","30.4 [29.4-31.4]","28.7 [28.0-29.5]","27.6 [26.5-28.7]","29.9 [28.9-31.0]","28.2 [27.5-29.0]","27.0 [25.9-28.2]","29.4 [28.4-30.5]","27.8 [27.0-28.6]","26.5 [25.4-27.7]","29.0 [27.9-30.1]","27.3 [26.5-28.1]","26.1 [24.9-27.2]","28.5 [27.5-29.7]","26.8 [26.0-27.7]","25.6 [24.4-26.8]","28.1 [27.0-29.3]","26.4 [25.5-27.3]","25.1 [23.9-26.4]","27.7 [26.5-28.9]","26.0 [25.1-26.9]","24.7 [23.4-26.0]","27.3 [26.1-28.5]","25.6 [24.6-26.5]","24.2 [22.9-25.5]","26.9 [25.6-28.2]","25.2 [24.2-26.1]","23.8 [22.5-25.1]","26.5 [25.2-27.8]","24.8 [23.8-25.8]","23.4 [22.0-24.8]","26.1 [24.8-27.5]","24.4 [23.4-25.4]","23.0 [21.6-24.5]","25.8 [24.3-27.2]","24.0 [23.0-25.1]","22.6 [21.1-24.1]","25.4 [23.9-26.9]","23.7 [22.5-24.8]","22.2 [20.7-23.8]","25.1 [23.5-26.6]","23.3 [22.2-24.5]","21.8 [20.2-23.5]","24.7 [23.1-26.4]","23.0 [21.8-24.2]","21.5 [19.8-23.2]","24.4 [22.7-26.1]","22.6 [21.4-23.9]","21.1 [19.4-23.0]","24.1 [22.3-25.9]","22.3 [21.0-23.6]","20.8 [19.0-22.7]","23.8 [22.0-25.7]","22.0 [20.7-23.4]","20.5 [18.6-22.5]","23.5 [21.6-25.4]","21.7 [20.3-23.1]","20.2 [18.2-22.2]","23.2 [21.2-25.2]","21.4 [19.9-22.9]","19.9 [17.8-22.0]","22.9 [20.8-25.0]","21.1 [19.6-22.6]","19.6 [17.5-21.8]","22.6 [20.4-24.8]","20.8 [19.2-22.4]","19.3 [17.1-21.6]","22.3 [20.1-24.6]","20.5 [18.9-22.2]","19.0 [16.7-21.4]","22.0 [19.7-24.4]","20.2 [18.5-22.0]","18.7 [16.4-21.2]","21.7 [19.4-24.3]"
